{
  "name": "przelewy24",
  "config": {
    "displayNameBO": "Przelewy24",
    "displayName": "Przelewy24",
    "frontPosition": 23,
    "activated": 0,
    "canRefund": 1,
    "canManualCapture": 1,
    "currencies": [
      "PLN"
    ],
    "countries": [
      "PL"
    ],
    "displayConfigurationFields": [
      "displayName",
      "minAmount",
      "maxAmount",
      "countries"
    ],
    "countrySelectorReadOnly": 1,
    "currencySelectorReadOnly": 1,
    "forceHpayment": 0,
    "forceBasket": 0,
    "minAmount": {
      "EUR": 0
    },
    "maxAmount": {
      "EUR": false
    },
    "logo": "p24.png",
    "additionalFields": {}
  }
}
