{
  "name": "4xcb",
  "config": {
    "group": {
      "code": "oney",
      "label": "Oney Facily Pay"
    },
    "displayNameBO": "4x Carte Bancaire - Facily Pay",
    "displayName": "4x Carte Bancaire - Facily Pay",
    "frontPosition": 5,
    "activated": 0,
    "canRefund": 1,
    "canManualCapture": 1,
    "currencies": [
      "EUR"
    ],
    "countries": [
      "FR"
    ],
    "displayConfigurationFields": [
      "displayName",
      "minAmount",
      "maxAmount",
      "countries"
    ],
    "countrySelectorReadOnly": 1,
    "currencySelectorReadOnly": 1,
    "forceHpayment": 0,
    "forceBasket": 1,
    "minAmount": {
      "EUR": 0
    },
    "maxAmount": {
      "EUR": false
    },
    "logo": "oney.png",
    "additionalFields": {}
  }
}
