{
  "name": "santander-cash",
  "config": {
    "group": {
      "code": "astropay",
      "label": "Astropay"
    },
    "displayNameBO": "Santander Cash",
    "displayName": "Santander Cash",
    "frontPosition": 24,
    "activated": 0,
    "canRefund": 0,
    "canManualCapture": 0,
    "currencies": [
      "MXN"
    ],
    "countries": [
      "MX"
    ],
    "displayConfigurationFields" : ["displayName","minAmount","maxAmount","countries"],
    "countrySelectorReadOnly": 1,
    "currencySelectorReadOnly": 1,
    "forceHpayment": 0,
    "forceBasket": 0,
    "minAmount": {"EUR" :0},
    "maxAmount": {"EUR" :false},
    "logo": "satander.png",
    "additionalFields": {
      "sdkClass": "HiPay\\Fullservice\\Gateway\\Request\\PaymentMethod\\AstropayPaymentMethod",
      "defaultFieldsValue": {},
      "formFields": {
        "national_identification_number": {
          "label": "CURP/CPN",
          "type": "text",
          "required" : true,
          "controlType" : "curp-cpn"
        }
      }
    }
  }
}
