{
    "name": "giropay",
    "config": {
        "displayNameBO": "Giropay",
        "displayName": "Giropay",
        "frontPosition": 14,
        "activated": 0,
        "canRefund": 1,
        "canManualCapture": 1,
        "currencies": [
            "EUR"
        ],
        "countries": [
            "DE"
        ],
        "displayConfigurationFields" : ["displayName","minAmount","maxAmount","countries"],
        "countrySelectorReadOnly": 1,
        "currencySelectorReadOnly": 1,
        "forceHpayment": 0,
        "forceBasket": 0,
        "minAmount": {
            "EUR": 0
        },
        "maxAmount": {
            "EUR": false
        },
        "logo": "giropay.png",
        "additionalFields": {
            "sdkClass": "HiPay\\Fullservice\\Gateway\\Request\\PaymentMethod\\IssuerBankIDPaymentMethod",
            "defaultFieldsValue": {},
            "formFields": {
                "issuer_bank_id": {
                    "label": "Business Identifier Code (BIC)",
                    "type": "text",
                    "required": true,
                    "controlType": "bic"
                }
            }
        }
    }
}
