{
  "name": "ideal",
  "config": {
    "displayNameBO": "IDEAL",
    "displayName": "IDEAL",
    "frontPosition": 15,
    "activated": 0,
    "canRefund": 1,
    "canManualCapture": 1,
    "currencies": [
      "EUR"
    ],
    "countries": [
      "NL"
    ],
    "displayConfigurationFields" : ["displayName","minAmount","maxAmount","countries"],
    "countrySelectorReadOnly": 1,
    "currencySelectorReadOnly": 1,
    "forceHpayment": 0,
    "forceBasket": 0,
    "minAmount": {"EUR" :0},
    "maxAmount": {"EUR" :false},
    "logo": "ideal.png",
    "additionalFields": {
      "sdkClass": "HiPay\\Fullservice\\Gateway\\Request\\PaymentMethod\\IssuerBankIDPaymentMethod",
      "defaultFieldsValue": {},
      "formFields": {
        "issuer_bank_id": {
          "label": "Business Identifier Code (BIC)",
          "type": "text",
          "required" : true,
          "controlType" : "bic"
        }
      }
    }
  }
}
