{
  "name": "klarna",
  "config": {
    "displayNameBO": "Klarna",
    "displayName": "Klarna",
    "frontPosition": 18,
    "activated": 0,
    "canRefund": 1,
    "canManualCapture": 1,
    "currencies": [
      "EUR"
    ],
    "countries": [
      "DE"
    ],
    "displayConfigurationFields" : ["displayName","minAmount","maxAmount","countries"],
    "countrySelectorReadOnly": 0,
    "currencySelectorReadOnly": 0,
    "forceHpayment": 0,
    "forceBasket": 1,
    "minAmount": {"EUR" :0},
    "maxAmount": {"EUR" :false},
    "logo": "klarna.png",
    "additionalFields": {}
  }
}
