{
  "name": "sdd",
  "config": {
    "displayNameBO": "SEPA Direct Debit",
    "displayName": "SEPA Direct Debit",
    "frontPosition": 26,
    "activated": 0,
    "canRefund": 1,
    "canManualCapture": 1,
    "currencies": [
      "EUR"
    ],
    "countries": [
      "GB",
      "FR"
    ],
    "displayConfigurationFields" : ["displayName","minAmount","maxAmount","electronicSignature","countries"],
    "countrySelectorReadOnly": 0,
    "currencySelectorReadOnly": 0,
    "forceHpayment": 0,
    "forceBasket": 0,
    "electronicSignature" : 1,
    "minAmount": {"EUR" :0},
    "maxAmount": {"EUR" :false},
    "logo": "sdd.png",
    "additionalFields": {
      "sdkClass": "HiPay\\Fullservice\\Gateway\\Request\\PaymentMethod\\SEPADirectDebitPaymentMethod",
      "defaultFieldsValue": {
        "recurring_payment": 0
      },
      "formFields": {
        "gender": {
          "label": "Gender",
          "type": "gender",
          "required" : true,
          "controlType" : false
        },
        "firstname": {
          "label": "Firstname",
          "type": "text",
          "required" : true,
          "controlType" : false
        },
        "lastname": {
          "label": "Lastname",
          "type": "text",
          "required" : true,
          "controlType" : false
        },
        "bank_name": {
          "label": "Bank Name",
          "type": "text",
          "required" : true,
          "controlType" : false
        },
        "iban": {
          "label": "International Bank Account Number (IBAN)",
          "type": "text",
          "required" : true,
          "controlType" : "iban"
        },
        "issuer_bank_id": {
          "label": "Business Identifier Code (BIC)",
          "type": "text",
          "required" : true,
          "controlType" : "bic"
        }
      }
    }
  }
}